r,n3,n4,n5,n6,n7,n8,n9,n10
1.00E-10,0.632456135,0.60302263,0.589768244,0.583460334,0.580381855,0.578859517,0.578103837,0.577726926
0.01010101,0.632458759,0.603025952,0.589771095,0.583463238,0.580384273,0.578862957,0.578106772,0.577729788
0.02020202,0.63246844,0.603035742,0.589780908,0.583473056,0.580394092,0.578872777,0.578116591,0.577739608
0.03030303,0.632484581,0.603052065,0.589797268,0.583489425,0.580410463,0.578889148,0.578132963,0.57775598
0.04040404,0.63250719,0.603074928,0.589820184,0.583512353,0.580433394,0.578912079,0.578155894,0.577778911
0.050505051,0.632536277,0.603104341,0.589849666,0.58354185,0.580462895,0.578941582,0.578185397,0.577808414
0.060606061,0.632571857,0.603140321,0.589885728,0.583577932,0.580498981,0.578977669,0.578221484,0.577844501
0.070707071,0.632613948,0.603182884,0.589928389,0.583620615,0.58054167,0.579020359,0.578264174,0.577887191
0.080808081,0.632662571,0.603232051,0.58997767,0.583669921,0.580590981,0.579069672,0.578313488,0.577936505
0.090909091,0.632717749,0.603287847,0.590033593,0.583725874,0.580646941,0.579125633,0.578369449,0.577992466
0.101010101,0.63277951,0.603350298,0.590096187,0.5837885,0.580709575,0.579188269,0.578432085,0.578055103
0.111111111,0.632847886,0.603419437,0.590165483,0.583857832,0.580778915,0.57925761,0.578501427,0.578124445
0.121212121,0.63292291,0.603495297,0.590241516,0.583933903,0.580854994,0.579333692,0.578577509,0.578200527
0.131313131,0.63300462,0.603577916,0.590324322,0.58401675,0.580937852,0.579416551,0.578660369,0.578283387
0.141414141,0.633093059,0.603667336,0.590413943,0.584106417,0.581027528,0.57950623,0.578750048,0.578373066
0.151515152,0.63318827,0.603763601,0.590510425,0.584202946,0.581124068,0.579602772,0.578846591,0.578469608
0.161616162,0.633290303,0.603866762,0.590613816,0.584306388,0.581227521,0.579706227,0.578950046,0.578573064
0.171717172,0.633399211,0.60397687,0.590724168,0.584416794,0.581337939,0.579816647,0.579060466,0.578683484
0.181818182,0.633515049,0.604093982,0.590841539,0.584534221,0.581455378,0.579934088,0.579177908,0.578800925
0.191919192,0.633637879,0.604218159,0.590965988,0.584658729,0.581579898,0.580058611,0.579302431,0.578925448
0.202020202,0.633767765,0.604349465,0.591097581,0.584790383,0.581711565,0.58019028,0.5794341,0.579057117
0.212121212,0.633904776,0.604487969,0.591236385,0.584929252,0.581850446,0.580329163,0.579572983,0.579195999
0.222222222,0.634048985,0.604633745,0.591382475,0.585075407,0.581996615,0.580475334,0.579719153,0.57934217
0.232323232,0.634200471,0.60478687,0.591535927,0.585228928,0.582150149,0.58062887,0.579872689,0.579495704
0.242424242,0.634359315,0.604947428,0.591696825,0.585389896,0.58231113,0.580789852,0.580033671,0.579656686
0.252525253,0.634525605,0.605115504,0.591865254,0.585558398,0.582479645,0.580958369,0.580202186,0.579825201
0.262626263,0.634699433,0.605291192,0.592041308,0.585734526,0.582655786,0.58113451,0.580378327,0.580001341
0.272727273,0.634880897,0.605474589,0.592225084,0.585918377,0.58283965,0.581318375,0.58056219,0.580185203
0.282828283,0.635070099,0.605665798,0.592416683,0.586110053,0.583031339,0.581510063,0.580753878,0.580376889
0.292929293,0.635267148,0.605864928,0.592616215,0.586309663,0.583230961,0.581709685,0.580953497,0.580576508
0.303030303,0.635472159,0.606072092,0.592823793,0.58651732,0.583438629,0.581917353,0.581161163,0.580784172
0.313131313,0.63568525,0.606287411,0.593039537,0.586733144,0.583654464,0.582133186,0.581376994,0.581000001
0.323232323,0.63590655,0.606511011,0.593263573,0.586957261,0.583878591,0.582357311,0.581601116,0.581224121
0.333333333,0.636136192,0.606743026,0.593496036,0.587189804,0.584111143,0.58258986,0.581833662,0.581456665
0.343434343,0.636374315,0.606983597,0.593737063,0.587430913,0.584352259,0.582830972,0.58207477,0.581697771
0.353535354,0.636621068,0.60723287,0.593986803,0.587680733,0.584602086,0.583080795,0.582324589,0.581947587
0.363636364,0.636876605,0.607491,0.594245409,0.58793942,0.584860778,0.583339481,0.58258327,0.582206266
0.373737374,0.63714109,0.607758151,0.594513045,0.588207135,0.585128497,0.583607193,0.582850977,0.582473969
0.383838384,0.637414694,0.608034494,0.594789881,0.588484049,0.585405413,0.583884101,0.583127879,0.582750868
0.393939394,0.637697598,0.608320209,0.595076097,0.588770341,0.585691705,0.584170385,0.583414156,0.583037141
0.404040404,0.637989991,0.608615485,0.595371882,0.589066201,0.585987563,0.584466232,0.583709995,0.583332976
0.414141414,0.638292073,0.608920523,0.595677434,0.589371825,0.586293183,0.58477184,0.584015595,0.583638571
0.424242424,0.638604054,0.60923553,0.595992963,0.589687424,0.586608774,0.585087417,0.584331164,0.583954135
0.434343434,0.638926155,0.609560729,0.596318688,0.590013215,0.586934555,0.585413183,0.584656919,0.584279885
0.444444444,0.639258609,0.609896352,0.59665484,0.59034943,0.587270756,0.585749368,0.584993093,0.584616052
0.454545455,0.63960166,0.610242641,0.597001664,0.590696312,0.587617622,0.586096214,0.585339927,0.58496288
0.464646465,0.639955566,0.610599856,0.597359415,0.591054117,0.587975406,0.586453977,0.585697677,0.585320622
0.474747475,0.6403206,0.610968267,0.597728364,0.591423114,0.588344379,0.586822926,0.586066612,0.585689549
0.484848485,0.640697048,0.611348161,0.598108796,0.591803588,0.588724824,0.587203346,0.586447015,0.586069943
0.494949495,0.641085212,0.611739838,0.598501012,0.592195839,0.589117041,0.587595534,0.586839186,0.586462105
0.505050505,0.641485413,0.612143618,0.598905328,0.592600183,0.589521347,0.587999807,0.58724344,0.586866349
0.515151515,0.641897986,0.612559836,0.599322079,0.593016954,0.589938073,0.588416499,0.587660111,0.587283009
0.525252525,0.64232329,0.612988848,0.59975162,0.593446506,0.590367574,0.588845962,0.588089552,0.587712438
0.535353535,0.642761701,0.61343103,0.600194325,0.593889211,0.590810223,0.589288568,0.588532134,0.588155007
0.545454545,0.643213619,0.61388678,0.60065059,0.594345466,0.591266413,0.589744713,0.588988252,0.588611111
0.555555556,0.643679467,0.61435652,0.601120835,0.594815688,0.591736564,0.590214813,0.589458324,0.589081168
0.565656566,0.644159693,0.614840695,0.601605505,0.595300322,0.592221117,0.590699312,0.589942792,0.58956562
0.575757576,0.644654775,0.615339782,0.602105072,0.595799838,0.592720545,0.59119868,0.590442127,0.590064937
0.585858586,0.645165218,0.615854283,0.602620038,0.596314738,0.593235346,0.591713416,0.590956827,0.590579618
0.595959596,0.645691563,0.616384735,0.603150937,0.596845553,0.593766052,0.592244052,0.591487424,0.591110195
0.606060606,0.646234382,0.616931709,0.603698336,0.59739285,0.594313228,0.592791152,0.592034482,0.591657231
0.616161616,0.646794288,0.617495813,0.604262842,0.597957233,0.594877479,0.59335532,0.592598605,0.59222133
0.626262626,0.647371934,0.618077699,0.604845102,0.598539348,0.595459448,0.593937199,0.593180435,0.592803134
0.636363636,0.64796802,0.61867806,0.605445807,0.599139882,0.596059823,0.594537477,0.593780659,0.593403331
0.646464646,0.648583295,0.619297641,0.606065696,0.599759576,0.596679341,0.59515689,0.594400015,0.594022657
0.656565657,0.649218561,0.619937239,0.606705565,0.600399218,0.597318793,0.595796227,0.59503929,0.594661901
0.666666667,0.649874682,0.620597712,0.607366264,0.601059661,0.597979025,0.596456336,0.595699333,0.595321909
0.676767677,0.650552587,0.621279982,0.608048712,0.601741817,0.598660953,0.597138129,0.596381055,0.596003594
0.686868687,0.651253278,0.621985044,0.608753898,0.602446674,0.599365559,0.59784259,0.597085438,0.596707938
0.696969697,0.651977838,0.622713972,0.609482889,0.603175294,0.600093906,0.598570781,0.597813545,0.597436001
0.707070707,0.65272744,0.623467929,0.610236842,0.603928832,0.600847146,0.59932385,0.598566525,0.598188934
0.717171717,0.653503356,0.624248178,0.611017012,0.604708537,0.601626526,0.600103046,0.599345623,0.598967983
0.727272727,0.654306974,0.625056093,0.611824763,0.60551577,0.602433404,0.600909724,0.600152196,0.599774502
0.737373737,0.655139804,0.625893171,0.612661585,0.606352013,0.603269261,0.601745365,0.600987723,0.600609971
0.747474747,0.656003501,0.626761052,0.613529105,0.607218891,0.604135716,0.602611586,0.601853821,0.601476006
0.757575758,0.656899883,0.627661534,0.61442911,0.608118182,0.605034546,0.603510161,0.602752263,0.60237438
0.767676768,0.65783095,0.628596597,0.615363567,0.609051845,0.605967707,0.604443045,0.603685003,0.603307046
0.777777778,0.658798914,0.62956843,0.616334648,0.610022046,0.606937358,0.605412395,0.604654197,0.60427616
0.787878788,0.659806229,0.630579459,0.617344764,0.611031185,0.607945895,0.606420606,0.605662237,0.605284114
0.797979798,0.660855632,0.63163239,0.618396598,0.612081935,0.608995987,0.607470341,0.606711788,0.606333571
0.808080808,0.661950187,0.632730248,0.619493156,0.613177289,0.610090619,0.608564585,0.60780583,0.607427511
0.818181818,0.663093342,0.633876441,0.620637815,0.614320613,0.611233151,0.609706692,0.608947718,0.608569287
0.828282828,0.664289003,0.635074823,0.621834402,0.615515713,0.61242738,0.610900456,0.610141243,0.609762691
0.838383838,0.665541618,0.636329781,0.623087267,0.616766924,0.613677633,0.612150199,0.611390723,0.611012038
0.848484848,0.666856292,0.63764635,0.624401403,0.618079215,0.614988867,0.613460872,0.612701108,0.612322277
0.858585859,0.668238928,0.639030348,0.625782578,0.61945833,0.61636681,0.614838198,0.614078117,0.613699126
0.868686869,0.669696418,0.640488561,0.627237519,0.620910963,0.617818144,0.616288849,0.615528419,0.615149251
0.878787879,0.671236885,0.642028987,0.62877415,0.622445002,0.619350737,0.617820684,0.617059867,0.616680503
0.888888889,0.672870024,0.643661162,0.630401921,0.624069849,0.620973969,0.619443071,0.618681823,0.618302242
0.898989899,0.674607561,0.645396616,0.63213225,0.625796869,0.622699172,0.62116733,0.620405601,0.620025777
0.909090909,0.676463918,0.647249517,0.633979167,0.627640018,0.624540271,0.623007365,0.622245095,0.621864998
0.919191919,0.678457179,0.649237619,0.635960249,0.629616781,0.626514704,0.624980593,0.62421771,0.623837305
0.929292929,0.680610576,0.651383713,0.638098047,0.631749592,0.628644842,0.627109354,0.626345772,0.625965015
0.939393939,0.682954858,0.653717943,0.640422384,0.634068109,0.630960263,0.629423184,0.628658797,0.628277635
0.949494949,0.685532354,0.656281764,0.642974259,0.636613099,0.633501619,0.631962678,0.631197349,0.630815714
0.95959596,0.688404467,0.659135266,0.645813075,0.639443623,0.636327796,0.634786636,0.634020187,0.633637989
0.96969697,0.691667257,0.662372352,0.649031631,0.642651923,0.639530762,0.637986887,0.63721907,0.636836184
0.97979798,0.695489875,0.6661582,0.652793087,0.646400154,0.643272168,0.641724833,0.640955275,0.640571515
0.98989899,0.700243791,0.670855095,0.657455121,0.651043706,0.647906267,0.646354158,0.645582201,0.64519724
1,0.707795193,0.678279452,0.664809621,0.65836236,0.655206831,0.653645642,0.652869136,0.652481899
